{
    "iterations": 1159,
    "depth": 7,
    "learning_rate": 0.04031960201543842,
    "l2_leaf_reg": 3.0150169810935346,
    "rsm": 0.40344592088505804,
    "scale_pos_weight": 19.071618862182838
}